Story;Column;Load;Loc;P;V2;V3;T;M2;M3
PISO 2;C145;U01;0;-12.96;1.24;-2.93;0;-3.27;1.483
PISO 2;C145;U01;1.425;-12.38;1.24;-2.93;0;0.914;-0.29
PISO 2;C145;U01;2.85;-11.81;1.24;-2.93;0;5.09;-2.059
PISO 2;C145;U02;0;-19.62;2.19;-4.84;0;-5.309;2.664
PISO 2;C145;U02;1.425;-19.13;2.19;-4.84;0;1.605;-0.47
PISO 2;C145;U02;2.85;-18.64;2.19;-4.84;0;8.507;-3.596
PISO 2;C145;U03;0;-12.71;1.27;-2.96;0;-3.288;1.53
PISO 2;C145;U03;1.425;-12.22;1.27;-2.96;0;0.935;-0.291
PISO 2;C145;U03;2.85;-11.72;1.27;-2.96;0;5.15;-2.108
PISO 2;C145;U04;0;-16.62;1.79;-4.03;0;-4.439;2.168
PISO 2;C145;U04;1.425;-16.12;1.79;-4.03;0;1.312;-0.392
PISO 2;C145;U04;2.85;-15.63;1.79;-4.03;0;7.052;-2.947
PISO 2;C145;U05 MAX;0;-15.33;2.79;-3.27;0;-3.14;3.834
PISO 2;C145;U05 MAX;1.425;-14.84;2.79;-3.27;0;1.53;-0.156
PISO 2;C145;U05 MAX;2.85;-14.35;2.79;-3.27;0;7.424;-1.536
PISO 2;C145;U05 MIN;0;-16.9;0.66;-4.5;0;-5.435;0.34
PISO 2;C145;U05 MIN;1.425;-16.41;0.66;-4.5;0;0.999;-0.603
PISO 2;C145;U05 MIN;2.85;-15.91;0.66;-4.5;0;6.188;-4.143
PISO 2;C145;U06 MAX;0;-15.46;2.22;-2.44;0;-1.59;2.9
PISO 2;C145;U06 MAX;1.425;-14.97;2.22;-2.44;0;1.889;-0.276
PISO 2;C145;U06 MAX;2.85;-14.48;2.22;-2.44;0;8.259;-2.232
PISO 2;C145;U06 MIN;0;-16.77;1.23;-5.34;0;-6.984;1.273
PISO 2;C145;U06 MIN;1.425;-16.28;1.23;-5.34;0;0.64;-0.483
PISO 2;C145;U06 MIN;2.85;-15.78;1.23;-5.34;0;5.353;-3.447
PISO 2;C145;U07;0;-8.33;0.8;-1.87;0;-2.081;0.96
PISO 2;C145;U07;1.425;-7.96;0.8;-1.87;0;0.592;-0.186
PISO 2;C145;U07;2.85;-7.59;0.8;-1.87;0;3.261;-1.328
PISO 2;C145;U08 MAX;0;-7.54;1.86;-1.26;0;-0.934;2.707
PISO 2;C145;U08 MAX;1.425;-7.18;1.86;-1.26;0;0.858;0.038
PISO 2;C145;U08 MAX;2.85;-6.81;1.86;-1.26;0;3.879;-0.025
PISO 2;C145;U08 MIN;0;-9.11;-0.26;-2.49;0;-3.229;-0.787
PISO 2;C145;U08 MIN;1.425;-8.74;-0.26;-2.49;0;0.326;-0.409
PISO 2;C145;U08 MIN;2.85;-8.37;-0.26;-2.49;0;2.643;-2.632
PISO 2;C145;U09 MAX;0;-7.67;1.3;-0.42;0;0.615;1.773
PISO 2;C145;U09 MAX;1.425;-7.3;1.3;-0.42;0;1.216;-0.082
PISO 2;C145;U09 MAX;2.85;-6.93;1.3;-0.42;0;4.714;-0.721
PISO 2;C145;U09 MIN;0;-8.98;0.31;-3.32;0;-4.778;0.146
PISO 2;C145;U09 MIN;1.425;-8.61;0.31;-3.32;0;-0.032;-0.289
PISO 2;C145;U09 MIN;2.85;-8.24;0.31;-3.32;0;1.808;-1.936
PISO 2;C146;U01;0;-16.95;0.49;-0.95;0;-1.049;0.634
PISO 2;C146;U01;1.425;-16.52;0.49;-0.95;0;0.31;-0.067
PISO 2;C146;U01;2.85;-16.08;0.49;-0.95;0;1.661;-0.766
PISO 2;C146;U02;0;-27.24;1.03;-1.81;0;-1.962;1.332
PISO 2;C146;U02;1.425;-26.87;1.03;-1.81;0;0.628;-0.142
PISO 2;C146;U02;2.85;-26.5;1.03;-1.81;0;3.201;-1.611
PISO 2;C146;U03;0;-16.92;0.53;-1;0;-1.106;0.691
PISO 2;C146;U03;1.425;-16.55;0.53;-1;0;0.333;-0.074
PISO 2;C146;U03;2.85;-16.18;0.53;-1;0;1.762;-0.836
PISO 2;C146;U04;0;-22.75;0.81;-1.46;0;-1.591;1.051
PISO 2;C146;U04;1.425;-22.38;0.81;-1.46;0;0.499;-0.112
PISO 2;C146;U04;2.85;-22.01;0.81;-1.46;0;2.576;-1.273
PISO 2;C146;U05 MAX;0;-21.35;1.6;-1.03;0;-0.988;2.332
PISO 2;C146;U05 MAX;1.425;-20.98;1.6;-1.03;0;0.574;0.053
PISO 2;C146;U05 MAX;2.85;-20.61;1.6;-1.03;0;2.993;-0.167
PISO 2;C146;U05 MIN;0;-22.65;-0.05;-1.77;0;-2.066;-0.321
PISO 2;C146;U05 MIN;1.425;-22.29;-0.05;-1.77;0;0.382;-0.267
PISO 2;C146;U05 MIN;2.85;-21.92;-0.05;-1.77;0;1.948;-2.266
PISO 2;C146;U06 MAX;0;-21.38;1.15;-0.63;0;-0.261;1.583
PISO 2;C146;U06 MAX;1.425;-21.01;1.15;-0.63;0;0.664;-0.01
PISO 2;C146;U06 MAX;2.85;-20.64;1.15;-0.63;0;3.429;-0.702
PISO 2;C146;U06 MIN;0;-22.63;0.4;-2.17;0;-2.793;0.427
PISO 2;C146;U06 MIN;1.425;-22.26;0.4;-2.17;0;0.292;-0.205
PISO 2;C146;U06 MIN;2.85;-21.89;0.4;-2.17;0;1.512;-1.731
PISO 2;C146;U07;0;-10.89;0.32;-0.61;0;-0.669;0.411
PISO 2;C146;U07;1.425;-10.61;0.32;-0.61;0;0.2;-0.042
PISO 2;C146;U07;2.85;-10.34;0.32;-0.61;0;1.064;-0.495
PISO 2;C146;U08 MAX;0;-10.24;1.14;-0.24;0;-0.129;1.738
PISO 2;C146;U08 MAX;1.425;-9.96;1.14;-0.24;0;0.297;0.118
PISO 2;C146;U08 MAX;2.85;-9.68;1.14;-0.24;0;1.587;0.555
PISO 2;C146;U08 MIN;0;-11.54;-0.51;-0.97;0;-1.208;-0.915
PISO 2;C146;U08 MIN;1.425;-11.26;-0.51;-0.97;0;0.104;-0.202
PISO 2;C146;U08 MIN;2.85;-10.99;-0.51;-0.97;0;0.541;-1.544
PISO 2;C146;U09 MAX;0;-10.26;0.69;0.16;0;0.597;0.99
PISO 2;C146;U09 MAX;1.425;-9.98;0.69;0.16;0;0.387;0.055
PISO 2;C146;U09 MAX;2.85;-9.71;0.69;0.16;0;2.023;0.019
PISO 2;C146;U09 MIN;0;-11.52;-0.06;-1.38;0;-1.934;-0.167
PISO 2;C146;U09 MIN;1.425;-11.24;-0.06;-1.38;0;0.014;-0.14
PISO 2;C146;U09 MIN;2.85;-10.96;-0.06;-1.38;0;0.105;-1.009
PISO 2;C152;U01;0;-32.34;2.72;3.85;0;4.165;3.384
PISO 2;C152;U01;1.425;-31.58;2.72;3.85;0;-1.347;-0.508
PISO 2;C152;U01;2.85;-30.81;2.72;3.85;0;-6.835;-4.391
PISO 2;C152;U02;0;-60.51;5.18;7.29;0;8.005;6.453
PISO 2;C152;U02;1.425;-59.86;5.18;7.29;0;-2.435;-0.962
PISO 2;C152;U02;2.85;-59.2;5.18;7.29;0;-12.83;-8.359
PISO 2;C152;U03;0;-33.88;2.86;4.05;0;4.392;3.568
PISO 2;C152;U03;1.425;-33.22;2.86;4.05;0;-1.401;-0.535
PISO 2;C152;U03;2.85;-32.56;2.86;4.05;0;-7.168;-4.629
PISO 2;C152;U04;0;-48.94;4.17;5.88;0;6.428;5.201
PISO 2;C152;U04;1.425;-48.28;4.17;5.88;0;-1.986;-0.776
PISO 2;C152;U04;2.85;-47.63;4.17;5.88;0;-10.363;-6.739
PISO 2;C152;U05 MAX;0;-46.89;5.93;6.31;0;7.354;8.323
PISO 2;C152;U05 MAX;1.425;-46.23;5.93;6.31;0;-1.685;-0.182
PISO 2;C152;U05 MAX;2.85;-45.57;5.93;6.31;0;-9.215;-4.254
PISO 2;C152;U05 MIN;0;-47.15;2.08;4.98;0;4.988;1.662
PISO 2;C152;U05 MIN;1.425;-46.49;2.08;4.98;0;-2.133;-1.308
PISO 2;C152;U05 MIN;2.85;-45.83;2.08;4.98;0;-10.693;-8.684
PISO 2;C152;U06 MAX;0;-46.75;4.66;7.58;0;9.608;6.12
PISO 2;C152;U06 MAX;1.425;-46.09;4.66;7.58;0;-1.255;-0.554
PISO 2;C152;U06 MAX;2.85;-45.43;4.66;7.58;0;-7.812;-5.72
PISO 2;C152;U06 MIN;0;-47.29;3.35;3.71;0;2.733;3.866
PISO 2;C152;U06 MIN;1.425;-46.63;3.35;3.71;0;-2.563;-0.936
PISO 2;C152;U06 MIN;2.85;-45.97;3.35;3.71;0;-12.095;-7.217
PISO 2;C152;U07;0;-20.79;1.74;2.49;0;2.695;2.172
PISO 2;C152;U07;1.425;-20.3;1.74;2.49;0;-0.863;-0.327
PISO 2;C152;U07;2.85;-19.8;1.74;2.49;0;-4.405;-2.82
PISO 2;C152;U08 MAX;0;-20.66;3.67;3.15;0;3.878;5.502
PISO 2;C152;U08 MAX;1.425;-20.17;3.67;3.15;0;-0.638;0.236
PISO 2;C152;U08 MAX;2.85;-19.67;3.67;3.15;0;-3.666;-0.605
PISO 2;C152;U08 MIN;0;-20.92;-0.18;1.82;0;1.512;-1.159
PISO 2;C152;U08 MIN;1.425;-20.43;-0.18;1.82;0;-1.087;-0.89
PISO 2;C152;U08 MIN;2.85;-19.93;-0.18;1.82;0;-5.144;-5.035
PISO 2;C152;U09 MAX;0;-20.52;2.4;4.42;0;6.132;3.299
PISO 2;C152;U09 MAX;1.425;-20.03;2.4;4.42;0;-0.209;-0.136
PISO 2;C152;U09 MAX;2.85;-19.53;2.4;4.42;0;-2.263;-2.071
PISO 2;C152;U09 MIN;0;-21.06;1.09;0.55;0;-0.742;1.045
PISO 2;C152;U09 MIN;1.425;-20.57;1.09;0.55;0;-1.516;-0.518
PISO 2;C152;U09 MIN;2.85;-20.07;1.09;0.55;0;-6.546;-3.569
PISO 2;C154;U01;0;-12.42;-1.36;0.73;0;0.824;-0.963
PISO 2;C154;U01;1.425;-11.65;-1.36;0.73;0;-0.216;0.977
PISO 2;C154;U01;2.85;-10.89;-1.36;0.73;0;-1.254;2.912
PISO 2;C154;U02;0;-18.57;-2.72;1.36;0;1.634;-2.001
PISO 2;C154;U02;1.425;-17.91;-2.72;1.36;0;-0.31;1.874
PISO 2;C154;U02;2.85;-17.25;-2.72;1.36;0;-2.251;5.738
PISO 2;C154;U03;0;-12.13;-1.45;0.75;0;0.864;-1.043
PISO 2;C154;U03;1.425;-11.47;-1.45;0.75;0;-0.212;1.031
PISO 2;C154;U03;2.85;-10.81;-1.45;0.75;0;-1.287;3.1
PISO 2;C154;U04;0;-15.77;-2.17;1.1;0;1.298;-1.577
PISO 2;C154;U04;1.425;-15.11;-2.17;1.1;0;-0.267;1.51
PISO 2;C154;U04;2.85;-14.45;-2.17;1.1;0;-1.831;4.589
PISO 2;C154;U05 MAX;0;-14.63;-0.5;1.87;0;2.726;1.652
PISO 2;C154;U05 MAX;1.425;-13.98;-0.5;1.87;0;0.053;2.361
PISO 2;C154;U05 MAX;2.85;-13.32;-0.5;1.87;0;-0.906;5.746
PISO 2;C154;U05 MIN;0;-15.97;-3.65;0.24;0;-0.229;-4.671
PISO 2;C154;U05 MIN;1.425;-15.31;-3.65;0.24;0;-0.571;0.537
PISO 2;C154;U05 MIN;2.85;-14.66;-3.65;0.24;0;-2.624;3.054
PISO 2;C154;U06 MAX;0;-14.27;-1.44;2.95;0;4.698;-0.22
PISO 2;C154;U06 MAX;1.425;-13.62;-1.44;2.95;0;0.484;1.828
PISO 2;C154;U06 MAX;2.85;-12.96;-1.44;2.95;0;0.204;4.944
PISO 2;C154;U06 MIN;0;-16.33;-2.71;-0.84;0;-2.2;-2.798
PISO 2;C154;U06 MIN;1.425;-15.67;-2.71;-0.84;0;-1.002;1.071
PISO 2;C154;U06 MIN;2.85;-15.02;-2.71;-0.84;0;-3.734;3.856
PISO 2;C154;U07;0;-7.99;-0.88;0.47;0;0.54;-0.632
PISO 2;C154;U07;1.425;-7.5;-0.88;0.47;0;-0.136;0.625
PISO 2;C154;U07;2.85;-7.01;-0.88;0.47;0;-0.811;1.88
PISO 2;C154;U08 MAX;0;-7.32;0.69;1.29;0;2.017;2.529
PISO 2;C154;U08 MAX;1.425;-6.83;0.69;1.29;0;0.176;1.538
PISO 2;C154;U08 MAX;2.85;-6.34;0.69;1.29;0;0.048;3.225
PISO 2;C154;U08 MIN;0;-8.66;-2.46;-0.34;0;-0.938;-3.794
PISO 2;C154;U08 MIN;1.425;-8.17;-2.46;-0.34;0;-0.448;-0.287
PISO 2;C154;U08 MIN;2.85;-7.67;-2.46;-0.34;0;-1.671;0.534
PISO 2;C154;U09 MAX;0;-6.96;-0.24;2.37;0;3.988;0.657
PISO 2;C154;U09 MAX;1.425;-6.47;-0.24;2.37;0;0.606;1.004
PISO 2;C154;U09 MAX;2.85;-5.98;-0.24;2.37;0;1.158;2.424
PISO 2;C154;U09 MIN;0;-9.02;-1.52;-1.42;0;-2.909;-1.921
PISO 2;C154;U09 MIN;1.425;-8.53;-1.52;-1.42;0;-0.879;0.247
PISO 2;C154;U09 MIN;2.85;-8.03;-1.52;-1.42;0;-2.781;1.336
PISO 2;C155;U01;0;-21.82;0.58;0.76;0;0.826;0.803
PISO 2;C155;U01;1.425;-21.38;0.58;0.76;0;-0.262;-0.033
PISO 2;C155;U01;2.85;-20.95;0.58;0.76;0;-1.341;-0.868
PISO 2;C155;U02;0;-34.08;1.31;1.31;0;1.468;1.745
PISO 2;C155;U02;1.425;-33.71;1.31;1.31;0;-0.419;-0.142
PISO 2;C155;U02;2.85;-33.34;1.31;1.31;0;-2.291;-2.025
PISO 2;C155;U03;0;-21.71;0.64;0.79;0;0.863;0.879
PISO 2;C155;U03;1.425;-21.34;0.64;0.79;0;-0.268;-0.047
PISO 2;C155;U03;2.85;-20.97;0.64;0.79;0;-1.39;-0.972
PISO 2;C155;U04;0;-28.67;1.02;1.08;0;1.196;1.373
PISO 2;C155;U04;1.425;-28.3;1.02;1.08;0;-0.352;-0.101
PISO 2;C155;U04;2.85;-27.93;1.02;1.08;0;-1.888;-1.571
PISO 2;C155;U05 MAX;0;-27.56;1.98;1.28;0;1.568;2.883
PISO 2;C155;U05 MAX;1.425;-27.19;1.98;1.28;0;-0.278;0.026
PISO 2;C155;U05 MAX;2.85;-26.82;1.98;1.28;0;-1.509;-0.169
PISO 2;C155;U05 MIN;0;-27.91;-0.02;0.79;0;0.728;-0.256
PISO 2;C155;U05 MIN;1.425;-27.54;-0.02;0.79;0;-0.398;-0.216
PISO 2;C155;U05 MIN;2.85;-27.17;-0.02;0.79;0;-2.116;-2.831
PISO 2;C155;U06 MAX;0;-27.27;1.39;1.75;0;2.363;1.956
PISO 2;C155;U06 MAX;1.425;-26.9;1.39;1.75;0;-0.162;-0.044
PISO 2;C155;U06 MAX;2.85;-26.53;1.39;1.75;0;-0.943;-0.956
PISO 2;C155;U06 MIN;0;-28.2;0.57;0.32;0;-0.067;0.671
PISO 2;C155;U06 MIN;1.425;-27.83;0.57;0.32;0;-0.514;-0.145
PISO 2;C155;U06 MIN;2.85;-27.46;0.57;0.32;0;-2.682;-2.044
PISO 2;C155;U07;0;-14.01;0.37;0.49;0;0.538;0.513
PISO 2;C155;U07;1.425;-13.73;0.37;0.49;0;-0.168;-0.023
PISO 2;C155;U07;2.85;-13.45;0.37;0.49;0;-0.868;-0.558
PISO 2;C155;U08 MAX;0;-13.83;1.37;0.74;0;0.958;2.082
PISO 2;C155;U08 MAX;1.425;-13.55;1.37;0.74;0;-0.108;0.098
PISO 2;C155;U08 MAX;2.85;-13.28;1.37;0.74;0;-0.564;0.773
PISO 2;C155;U08 MIN;0;-14.18;-0.63;0.24;0;0.118;-1.056
PISO 2;C155;U08 MIN;1.425;-13.91;-0.63;0.24;0;-0.228;-0.144
PISO 2;C155;U08 MIN;2.85;-13.63;-0.63;0.24;0;-1.171;-1.889
PISO 2;C155;U09 MAX;0;-13.55;0.78;1.21;0;1.753;1.156
PISO 2;C155;U09 MAX;1.425;-13.27;0.78;1.21;0;0.008;0.028
PISO 2;C155;U09 MAX;2.85;-12.99;0.78;1.21;0;0.002;-0.014
PISO 2;C155;U09 MIN;0;-14.47;-0.04;-0.23;0;-0.677;-0.13
PISO 2;C155;U09 MIN;1.425;-14.19;-0.04;-0.23;0;-0.344;-0.073
PISO 2;C155;U09 MIN;2.85;-13.92;-0.04;-0.23;0;-1.738;-1.102
PISO 2;C156;U01;0;-22.16;0.45;2.12;0;2.015;0.541
PISO 2;C156;U01;1.425;-21.59;0.45;2.12;0;-1.019;-0.107
PISO 2;C156;U01;2.85;-21.01;0.45;2.12;0;-4.032;-0.754
PISO 2;C156;U02;0;-28.19;0.47;2.77;0;2.631;0.804
PISO 2;C156;U02;1.425;-27.7;0.47;2.77;0;-1.342;0.127
PISO 2;C156;U02;2.85;-27.2;0.47;2.77;0;-5.287;-0.551
PISO 2;C156;U03;0;-21.2;0.43;2.08;0;1.981;0.561
PISO 2;C156;U03;1.425;-20.7;0.43;2.08;0;-0.996;-0.059
PISO 2;C156;U03;2.85;-20.21;0.43;2.08;0;-3.951;-0.677
PISO 2;C156;U04;0;-25;0.42;2.48;0;2.382;0.631
PISO 2;C156;U04;1.425;-24.51;0.42;2.48;0;-1.167;0.032
PISO 2;C156;U04;2.85;-24.02;0.42;2.48;0;-4.691;-0.568
PISO 2;C156;U05 MAX;0;-23.75;1.72;2.66;0;2.755;2.968
PISO 2;C156;U05 MAX;1.425;-23.26;1.72;2.66;0;-1.066;0.493
PISO 2;C156;U05 MAX;2.85;-22.77;1.72;2.66;0;-4.204;0.879
PISO 2;C156;U05 MIN;0;-24.88;-0.92;2.12;0;1.851;-1.766
PISO 2;C156;U05 MIN;1.425;-24.39;-0.92;2.12;0;-1.191;-0.45
PISO 2;C156;U05 MIN;2.85;-23.89;-0.92;2.12;0;-4.868;-1.995
PISO 2;C156;U06 MAX;0;-23.91;0.95;3.12;0;3.527;1.569
PISO 2;C156;U06 MAX;1.425;-23.42;0.95;3.12;0;-0.953;0.214
PISO 2;C156;U06 MAX;2.85;-22.92;0.95;3.12;0;-3.657;0.05
PISO 2;C156;U06 MIN;0;-24.72;-0.15;1.67;0;1.079;-0.367
PISO 2;C156;U06 MIN;1.425;-24.23;-0.15;1.67;0;-1.304;-0.171
PISO 2;C156;U06 MIN;2.85;-23.73;-0.15;1.67;0;-5.415;-1.166
PISO 2;C156;U07;0;-14.25;0.33;1.31;0;1.198;0.438
PISO 2;C156;U07;1.425;-13.88;0.33;1.31;0;-0.678;-0.042
PISO 2;C156;U07;2.85;-13.51;0.33;1.31;0;-2.54;-0.521
PISO 2;C156;U08 MAX;0;-13.68;1.66;1.58;0;1.65;2.805
PISO 2;C156;U08 MAX;1.425;-13.31;1.66;1.58;0;-0.615;0.43
PISO 2;C156;U08 MAX;2.85;-12.94;1.66;1.58;0;-2.208;0.916
PISO 2;C156;U08 MIN;0;-14.81;-0.99;1.04;0;0.746;-1.929
PISO 2;C156;U08 MIN;1.425;-14.44;-0.99;1.04;0;-0.741;-0.513
PISO 2;C156;U08 MIN;2.85;-14.07;-0.99;1.04;0;-2.871;-1.958
PISO 2;C156;U09 MAX;0;-13.84;0.88;2.04;0;2.422;1.406
PISO 2;C156;U09 MAX;1.425;-13.47;0.88;2.04;0;-0.503;0.151
PISO 2;C156;U09 MAX;2.85;-13.1;0.88;2.04;0;-1.661;0.087
PISO 2;C156;U09 MIN;0;-14.65;-0.21;0.58;0;-0.027;-0.53
PISO 2;C156;U09 MIN;1.425;-14.28;-0.21;0.58;0;-0.853;-0.234
PISO 2;C156;U09 MIN;2.85;-13.91;-0.21;0.58;0;-3.419;-1.128
PISO 1;C156;U01;0;-12;-0.1;-0.44;0;-0.405;-0.009
PISO 1;C156;U01;0.95;-11.62;-0.1;-0.44;0;0.012;0.09
PISO 1;C156;U01;0.95;-13.44;-0.36;-0.4;0;0.011;-0.104
PISO 1;C156;U01;1.225;-13.33;-0.36;-0.4;0;0.12;-0.004
PISO 1;C156;U01;1.9;-13.06;-0.36;-0.4;0;0.388;0.241
PISO 1;C156;U01;1.9;-17.07;-2.12;-0.67;0;0.374;-0.276
PISO 1;C156;U01;2.45;-16.85;-2.12;-0.67;0;0.739;0.89
PISO 1;C156;U02;0;-14.18;-0.19;-0.46;0;-0.385;-0.069
PISO 1;C156;U02;0.95;-13.85;-0.19;-0.46;0;0.054;0.114
PISO 1;C156;U02;0.95;-16.6;-0.54;-0.43;0;0.054;-0.183
PISO 1;C156;U02;1.225;-16.51;-0.54;-0.43;0;0.173;-0.035
PISO 1;C156;U02;1.9;-16.27;-0.54;-0.43;0;0.465;0.326
PISO 1;C156;U02;1.9;-22.08;-3.12;-0.75;0;0.449;-0.432
PISO 1;C156;U02;2.45;-21.89;-3.12;-0.75;0;0.858;1.283
PISO 1;C156;U03;0;-11.19;-0.11;-0.43;0;-0.395;-0.014
PISO 1;C156;U03;0.95;-10.86;-0.11;-0.43;0;0.013;0.087
PISO 1;C156;U03;0.95;-12.62;-0.35;-0.39;0;0.011;-0.1
PISO 1;C156;U03;1.225;-12.52;-0.35;-0.39;0;0.118;-0.004
PISO 1;C156;U03;1.9;-12.29;-0.35;-0.39;0;0.379;0.23
PISO 1;C156;U03;1.9;-16.1;-1.97;-0.65;0;0.366;-0.258
PISO 1;C156;U03;2.45;-15.91;-1.97;-0.65;0;0.722;0.825
PISO 1;C156;U04;0;-13.45;-0.12;-0.51;0;-0.466;-0.01
PISO 1;C156;U04;0.95;-13.12;-0.12;-0.51;0;0.015;0.103
PISO 1;C156;U04;0.95;-15.22;-0.42;-0.46;0;0.013;-0.121
PISO 1;C156;U04;1.225;-15.12;-0.42;-0.46;0;0.139;-0.005
PISO 1;C156;U04;1.9;-14.89;-0.42;-0.46;0;0.448;0.278
PISO 1;C156;U04;1.9;-19.56;-2.57;-0.77;0;0.432;-0.333
PISO 1;C156;U04;2.45;-19.37;-2.57;-0.77;0;0.853;1.079
PISO 1;C156;U05 MAX;0;-11.69;-0.04;-0.41;0;-0.381;0.05
PISO 1;C156;U05 MAX;0.95;-11.36;-0.04;-0.41;0;0.03;0.115
PISO 1;C156;U05 MAX;0.95;-13.53;-0.36;-0.37;0;0.029;-0.091
PISO 1;C156;U05 MAX;1.225;-13.44;-0.36;-0.37;0;0.162;0.008
PISO 1;C156;U05 MAX;1.9;-13.2;-0.36;-0.37;0;0.503;0.294
PISO 1;C156;U05 MAX;1.9;-17.17;-1.33;-0.63;0;0.484;-0.181
PISO 1;C156;U05 MAX;2.45;-16.98;-1.33;-0.63;0;0.956;1.568
PISO 1;C156;U05 MIN;0;-14.65;-0.19;-0.57;0;-0.522;-0.065
PISO 1;C156;U05 MIN;0.95;-14.32;-0.19;-0.57;0;-0.002;0.084
PISO 1;C156;U05 MIN;0.95;-16.21;-0.46;-0.51;0;-0.003;-0.144
PISO 1;C156;U05 MIN;1.225;-16.12;-0.46;-0.51;0;0.107;-0.018
PISO 1;C156;U05 MIN;1.9;-15.89;-0.46;-0.51;0;0.364;0.247
PISO 1;C156;U05 MIN;1.9;-21.03;-3.71;-0.86;0;0.35;-0.473
PISO 1;C156;U05 MIN;2.45;-20.84;-3.71;-0.86;0;0.694;0.551
PISO 1;C156;U06 MAX;0;-12;-0.03;-0.3;0;-0.292;0.061
PISO 1;C156;U06 MAX;0.95;-11.67;-0.03;-0.3;0;0.041;0.115
PISO 1;C156;U06 MAX;0.95;-14.07;-0.35;-0.27;0;0.039;-0.08
PISO 1;C156;U06 MAX;1.225;-13.98;-0.35;-0.27;0;0.205;0.016
PISO 1;C156;U06 MAX;1.9;-13.74;-0.35;-0.27;0;0.62;0.293
PISO 1;C156;U06 MAX;1.9;-18.17;-2;-0.44;0;0.597;-0.246
PISO 1;C156;U06 MAX;2.45;-17.98;-2;-0.44;0;1.169;1.267
PISO 1;C156;U06 MIN;0;-14.34;-0.2;-0.68;0;-0.612;-0.077
PISO 1;C156;U06 MIN;0.95;-14.01;-0.2;-0.68;0;-0.013;0.085
PISO 1;C156;U06 MIN;0.95;-15.68;-0.47;-0.62;0;-0.014;-0.155
PISO 1;C156;U06 MIN;1.225;-15.58;-0.47;-0.62;0;0.064;-0.026
PISO 1;C156;U06 MIN;1.9;-15.35;-0.47;-0.62;0;0.246;0.249
PISO 1;C156;U06 MIN;1.9;-20.03;-3.04;-1.04;0;0.237;-0.407
PISO 1;C156;U06 MIN;2.45;-19.84;-3.04;-1.04;0;0.482;0.851
PISO 1;C156;U07;0;-6.71;-0.13;-0.17;0;-0.117;-0.064
PISO 1;C156;U07;0.95;-6.47;-0.13;-0.17;0;0.045;0.055
PISO 1;C156;U07;0.95;-8.01;-0.29;-0.17;0;0.045;-0.112
PISO 1;C156;U07;1.225;-7.94;-0.29;-0.17;0;0.092;-0.032
PISO 1;C156;U07;1.9;-7.77;-0.29;-0.17;0;0.206;0.164
PISO 1;C156;U07;1.9;-10.81;-1.49;-0.3;0;0.199;-0.222
PISO 1;C156;U07;2.45;-10.67;-1.49;-0.3;0;0.365;0.598
PISO 1;C156;U08 MAX;0;-5.24;-0.05;-0.09;0;-0.047;-0.007
PISO 1;C156;U08 MAX;0.95;-4.99;-0.05;-0.09;0;0.061;0.071
PISO 1;C156;U08 MAX;0.95;-6.67;-0.24;-0.1;0;0.061;-0.085
PISO 1;C156;U08 MAX;1.225;-6.6;-0.24;-0.1;0;0.119;-0.019
PISO 1;C156;U08 MAX;1.9;-6.43;-0.24;-0.1;0;0.275;0.188
PISO 1;C156;U08 MAX;1.9;-8.88;-0.3;-0.19;0;0.266;-0.076
PISO 1;C156;U08 MAX;2.45;-8.74;-0.3;-0.19;0;0.496;1.107
PISO 1;C156;U08 MIN;0;-8.19;-0.2;-0.25;0;-0.187;-0.122
PISO 1;C156;U08 MIN;0.95;-7.95;-0.2;-0.25;0;0.029;0.04
PISO 1;C156;U08 MIN;0.95;-9.36;-0.34;-0.24;0;0.029;-0.138
PISO 1;C156;U08 MIN;1.225;-9.28;-0.34;-0.24;0;0.064;-0.045
PISO 1;C156;U08 MIN;1.9;-9.11;-0.34;-0.24;0;0.136;0.141
PISO 1;C156;U08 MIN;1.9;-12.74;-2.68;-0.42;0;0.132;-0.368
PISO 1;C156;U08 MIN;2.45;-12.6;-2.68;-0.42;0;0.234;0.09
PISO 1;C156;U09 MAX;0;-5.55;-0.04;0.02;0;0.043;0.005
PISO 1;C156;U09 MAX;0.95;-5.3;-0.04;0.02;0;0.072;0.07
PISO 1;C156;U09 MAX;0.95;-7.21;-0.23;0.01;0;0.072;-0.074
PISO 1;C156;U09 MAX;1.225;-7.14;-0.23;0.01;0;0.162;-0.011
PISO 1;C156;U09 MAX;1.9;-6.97;-0.23;0.01;0;0.392;0.186
PISO 1;C156;U09 MAX;1.9;-9.88;-0.97;-0.01;0;0.379;-0.142
PISO 1;C156;U09 MAX;2.45;-9.74;-0.97;-0.01;0;0.709;0.806
PISO 1;C156;U09 MIN;0;-7.88;-0.21;-0.36;0;-0.277;-0.133
PISO 1;C156;U09 MIN;0.95;-7.64;-0.21;-0.36;0;0.018;0.04
PISO 1;C156;U09 MIN;0.95;-8.82;-0.35;-0.34;0;0.018;-0.149
PISO 1;C156;U09 MIN;1.225;-8.74;-0.35;-0.34;0;0.021;-0.053
PISO 1;C156;U09 MIN;1.9;-8.57;-0.35;-0.34;0;0.019;0.143
PISO 1;C156;U09 MIN;1.9;-11.74;-2.01;-0.6;0;0.019;-0.303
PISO 1;C156;U09 MIN;2.45;-11.6;-2.01;-0.6;0;0.022;0.39
PISO 2;C158;U01;0;-22.21;-2.18;1.07;0;1.196;-2.046
PISO 2;C158;U01;1.425;-21.64;-2.18;1.07;0;-0.345;1.066
PISO 2;C158;U01;2.85;-21.06;-2.18;1.07;0;-1.877;4.162
PISO 2;C158;U02;0;-36.14;-4.36;1.92;0;2.177;-4.121
PISO 2;C158;U02;1.425;-35.65;-4.36;1.92;0;-0.576;2.107
PISO 2;C158;U02;2.85;-35.16;-4.36;1.92;0;-3.313;8.304
PISO 2;C158;U03;0;-22.26;-2.34;1.1;0;1.233;-2.201
PISO 2;C158;U03;1.425;-21.77;-2.34;1.1;0;-0.349;1.138
PISO 2;C158;U03;2.85;-21.27;-2.34;1.1;0;-1.923;4.461
PISO 2;C158;U04;0;-30.11;-3.48;1.56;0;1.766;-3.284
PISO 2;C158;U04;1.425;-29.61;-3.48;1.56;0;-0.477;1.686
PISO 2;C158;U04;2.85;-29.12;-3.48;1.56;0;-2.708;6.632
PISO 2;C158;U05 MAX;0;-28.63;-2.12;2;0;2.5;-0.906
PISO 2;C158;U05 MAX;1.425;-28.14;-2.12;2;0;-0.372;2.121
PISO 2;C158;U05 MAX;2.85;-27.65;-2.12;2;0;-1.977;7.592
PISO 2;C158;U05 MIN;0;-29.57;-4.54;1.01;0;0.902;-5.383
PISO 2;C158;U05 MIN;1.425;-29.07;-4.54;1.01;0;-0.549;1.112
PISO 2;C158;U05 MIN;2.85;-28.58;-4.54;1.01;0;-3.242;5.114
PISO 2;C158;U06 MAX;0;-28.94;-2.92;2.64;0;3.54;-2.379
PISO 2;C158;U06 MAX;1.425;-28.44;-2.92;2.64;0;-0.252;1.786
PISO 2;C158;U06 MAX;2.85;-27.95;-2.92;2.64;0;-1.18;6.787
PISO 2;C158;U06 MIN;0;-29.26;-3.75;0.37;0;-0.138;-3.909
PISO 2;C158;U06 MIN;1.425;-28.77;-3.75;0.37;0;-0.669;1.446
PISO 2;C158;U06 MIN;2.85;-28.27;-3.75;0.37;0;-4.039;5.918
PISO 2;C158;U07;0;-14.28;-1.4;0.69;0;0.774;-1.317
PISO 2;C158;U07;1.425;-13.91;-1.4;0.69;0;-0.221;0.685
PISO 2;C158;U07;2.85;-13.54;-1.4;0.69;0;-1.211;2.677
PISO 2;C158;U08 MAX;0;-13.81;-0.19;1.19;0;1.573;0.921
PISO 2;C158;U08 MAX;1.425;-13.44;-0.19;1.19;0;-0.133;1.189
PISO 2;C158;U08 MAX;2.85;-13.07;-0.19;1.19;0;-0.578;3.916
PISO 2;C158;U08 MIN;0;-14.75;-2.61;0.2;0;-0.025;-3.556
PISO 2;C158;U08 MIN;1.425;-14.38;-2.61;0.2;0;-0.31;0.18
PISO 2;C158;U08 MIN;2.85;-14.01;-2.61;0.2;0;-1.843;1.438
PISO 2;C158;U09 MAX;0;-14.12;-0.98;1.83;0;2.613;-0.552
PISO 2;C158;U09 MAX;1.425;-13.75;-0.98;1.83;0;-0.013;0.855
PISO 2;C158;U09 MAX;2.85;-13.38;-0.98;1.83;0;0.219;3.111
PISO 2;C158;U09 MIN;0;-14.44;-1.82;-0.44;0;-1.065;-2.082
PISO 2;C158;U09 MIN;1.425;-14.07;-1.82;-0.44;0;-0.43;0.515
PISO 2;C158;U09 MIN;2.85;-13.7;-1.82;-0.44;0;-2.64;2.242
PISO 2;C160;U01;0;-33.84;2;-1.29;0;-1.436;2.455
PISO 2;C160;U01;1.425;-33.27;2;-1.29;0;0.426;-0.421
PISO 2;C160;U01;2.85;-32.69;2;-1.29;0;2.269;-3.286
PISO 2;C160;U02;0;-63.53;3.91;-2.3;0;-2.509;4.799
PISO 2;C160;U02;1.425;-63.04;3.91;-2.3;0;0.807;-0.807
PISO 2;C160;U02;2.85;-62.54;3.91;-2.3;0;4.085;-6.393
PISO 2;C160;U03;0;-35.51;2.13;-1.34;0;-1.481;2.608
PISO 2;C160;U03;1.425;-35.01;2.13;-1.34;0;0.447;-0.445
PISO 2;C160;U03;2.85;-34.52;2.13;-1.34;0;2.356;-3.487
PISO 2;C160;U04;0;-51.35;3.13;-1.89;0;-2.065;3.845
PISO 2;C160;U04;1.425;-50.85;3.13;-1.89;0;0.65;-0.65
PISO 2;C160;U04;2.85;-50.36;3.13;-1.89;0;3.336;-5.129
PISO 2;C160;U05 MAX;0;-49.1;4.56;-1.45;0;-1.391;6.341
PISO 2;C160;U05 MAX;1.425;-48.6;4.56;-1.45;0;0.701;-0.215
PISO 2;C160;U05 MAX;2.85;-48.11;4.56;-1.45;0;3.679;-3.072
PISO 2;C160;U05 MIN;0;-49.53;1.45;-2.18;0;-2.583;1.034
PISO 2;C160;U05 MIN;1.425;-49.04;1.45;-2.18;0;0.548;-1.032
PISO 2;C160;U05 MIN;2.85;-48.55;1.45;-2.18;0;2.735;-6.766
PISO 2;C160;U06 MAX;0;-49.16;3.62;-0.77;0;-0.265;4.728
PISO 2;C160;U06 MAX;1.425;-48.66;3.62;-0.77;0;0.83;-0.465
PISO 2;C160;U06 MAX;2.85;-48.17;3.62;-0.77;0;4.536;-4.191
PISO 2;C160;U06 MIN;0;-49.47;2.39;-2.86;0;-3.708;2.647
PISO 2;C160;U06 MIN;1.425;-48.98;2.39;-2.86;0;0.419;-0.782
PISO 2;C160;U06 MIN;2.85;-48.49;2.39;-2.86;0;1.879;-5.647
PISO 2;C160;U07;0;-21.76;1.29;-0.83;0;-0.914;1.582
PISO 2;C160;U07;1.425;-21.39;1.29;-0.83;0;0.275;-0.27
PISO 2;C160;U07;2.85;-21.02;1.29;-0.83;0;1.451;-2.115
PISO 2;C160;U08 MAX;0;-21.54;2.85;-0.46;0;-0.318;4.236
PISO 2;C160;U08 MAX;1.425;-21.17;2.85;-0.46;0;0.351;0.139
PISO 2;C160;U08 MAX;2.85;-20.8;2.85;-0.46;0;1.924;-0.268
PISO 2;C160;U08 MIN;0;-21.97;-0.27;-1.19;0;-1.51;-1.072
PISO 2;C160;U08 MIN;1.425;-21.6;-0.27;-1.19;0;0.198;-0.679
PISO 2;C160;U08 MIN;2.85;-21.23;-0.27;-1.19;0;0.979;-3.962
PISO 2;C160;U09 MAX;0;-21.6;1.9;0.22;0;0.808;2.623
PISO 2;C160;U09 MAX;1.425;-21.23;1.9;0.22;0;0.48;-0.112
PISO 2;C160;U09 MAX;2.85;-20.86;1.9;0.22;0;2.78;-1.387
PISO 2;C160;U09 MIN;0;-21.91;0.68;-1.87;0;-2.636;0.542
PISO 2;C160;U09 MIN;1.425;-21.54;0.68;-1.87;0;0.07;-0.428
PISO 2;C160;U09 MIN;2.85;-21.17;0.68;-1.87;0;0.123;-2.843
PISO 2;C162;U01;0;-20.44;1.7;1.19;0;1.199;2.02
PISO 2;C162;U01;1.425;-19.87;1.7;1.19;0;-0.496;-0.418
PISO 2;C162;U01;2.85;-19.29;1.7;1.19;0;-2.183;-2.845
PISO 2;C162;U02;0;-33.04;3.3;2.27;0;2.417;3.927
PISO 2;C162;U02;1.425;-32.55;3.3;2.27;0;-0.831;-0.801
PISO 2;C162;U02;2.85;-32.06;3.3;2.27;0;-4.068;-5.51
PISO 2;C162;U03;0;-20.44;1.8;1.24;0;1.272;2.143
PISO 2;C162;U03;1.425;-19.95;1.8;1.24;0;-0.504;-0.442
PISO 2;C162;U03;2.85;-19.46;1.8;1.24;0;-2.272;-3.015
PISO 2;C162;U04;0;-27.57;2.65;1.82;0;1.909;3.15
PISO 2;C162;U04;1.425;-27.07;2.65;1.82;0;-0.69;-0.645
PISO 2;C162;U04;2.85;-26.58;2.65;1.82;0;-3.28;-4.425
PISO 2;C162;U05 MAX;0;-26.23;3.4;2.59;0;3.232;4.508
PISO 2;C162;U05 MAX;1.425;-25.73;3.4;2.59;0;-0.479;-0.376
PISO 2;C162;U05 MAX;2.85;-25.24;3.4;2.59;0;-2.125;-3.238
PISO 2;C162;U05 MIN;0;-27.08;1.68;0.9;0;0.433;1.535
PISO 2;C162;U05 MIN;1.425;-26.58;1.68;0.9;0;-0.852;-0.861
PISO 2;C162;U05 MIN;2.85;-26.09;1.68;0.9;0;-4.184;-5.251
PISO 2;C162;U06 MAX;0;-26.36;2.88;3.74;0;5.121;3.604
PISO 2;C162;U06 MAX;1.425;-25.86;2.88;3.74;0;-0.228;-0.525
PISO 2;C162;U06 MAX;2.85;-25.37;2.88;3.74;0;-0.735;-3.849
PISO 2;C162;U06 MIN;0;-26.95;2.2;-0.24;0;-1.456;2.439
PISO 2;C162;U06 MIN;1.425;-26.46;2.2;-0.24;0;-1.103;-0.713
PISO 2;C162;U06 MIN;2.85;-25.96;2.2;-0.24;0;-5.574;-4.64
PISO 2;C162;U07;0;-13.14;1.09;0.78;0;0.796;1.301
PISO 2;C162;U07;1.425;-12.77;1.09;0.78;0;-0.315;-0.268
PISO 2;C162;U07;2.85;-12.4;1.09;0.78;0;-1.422;-1.83
PISO 2;C162;U08 MAX;0;-12.71;1.96;1.62;0;2.195;2.787
PISO 2;C162;U08 MAX;1.425;-12.34;1.96;1.62;0;-0.129;-0.026
PISO 2;C162;U08 MAX;2.85;-11.97;1.96;1.62;0;-0.393;-0.824
PISO 2;C162;U08 MIN;0;-13.56;0.23;-0.07;0;-0.604;-0.186
PISO 2;C162;U08 MIN;1.425;-13.2;0.23;-0.07;0;-0.501;-0.511
PISO 2;C162;U08 MIN;2.85;-12.83;0.23;-0.07;0;-2.451;-2.837
PISO 2;C162;U09 MAX;0;-12.84;1.43;2.77;0;4.085;1.883
PISO 2;C162;U09 MAX;1.425;-12.47;1.43;2.77;0;0.122;-0.174
PISO 2;C162;U09 MAX;2.85;-12.1;1.43;2.77;0;0.998;-1.435
PISO 2;C162;U09 MIN;0;-13.44;0.76;-1.21;0;-2.493;0.718
PISO 2;C162;U09 MIN;1.425;-13.07;0.76;-1.21;0;-0.753;-0.362
PISO 2;C162;U09 MIN;2.85;-12.7;0.76;-1.21;0;-3.842;-2.226
PISO 2;C164;U01;0;-24.26;-3.57;-0.61;0;-0.656;-3.614
PISO 2;C164;U01;1.425;-23.69;-3.57;-0.61;0;0.221;1.495
PISO 2;C164;U01;2.85;-23.11;-3.57;-0.61;0;1.093;6.581
PISO 2;C164;U02;0;-38.29;-6.64;-1.07;0;-1.111;-6.678
PISO 2;C164;U02;1.425;-37.8;-6.64;-1.07;0;0.429;2.817
PISO 2;C164;U02;2.85;-37.3;-6.64;-1.07;0;1.956;12.268
PISO 2;C164;U03;0;-24.09;-3.74;-0.63;0;-0.673;-3.774
PISO 2;C164;U03;1.425;-23.6;-3.74;-0.63;0;0.233;1.57
PISO 2;C164;U03;2.85;-23.1;-3.74;-0.63;0;1.134;6.889
PISO 2;C164;U04;0;-32.12;-5.38;-0.88;0;-0.921;-5.417
PISO 2;C164;U04;1.425;-31.62;-5.38;-0.88;0;0.344;2.275
PISO 2;C164;U04;2.85;-31.13;-5.38;-0.88;0;1.599;9.93
PISO 2;C164;U05 MAX;0;-30.46;-3.85;-0.42;0;-0.17;-2.825
PISO 2;C164;U05 MAX;1.425;-29.96;-3.85;-0.42;0;0.454;2.682
PISO 2;C164;U05 MAX;2.85;-29.47;-3.85;-0.42;0;2.062;10.956
PISO 2;C164;U05 MIN;0;-31.72;-6.49;-1.27;0;-1.602;-7.586
PISO 2;C164;U05 MIN;1.425;-31.22;-6.49;-1.27;0;0.206;1.687
PISO 2;C164;U05 MIN;2.85;-30.73;-6.49;-1.27;0;1.012;8.125
PISO 2;C164;U06 MAX;0;-30.64;-4.67;0.13;0;0.783;-4.299
PISO 2;C164;U06 MAX;1.425;-30.14;-4.67;0.13;0;0.594;2.393
PISO 2;C164;U06 MAX;2.85;-29.65;-4.67;0.13;0;2.703;10.104
PISO 2;C164;U06 MIN;0;-31.53;-5.67;-1.83;0;-2.556;-6.111
PISO 2;C164;U06 MIN;1.425;-31.04;-5.67;-1.83;0;0.066;1.976
PISO 2;C164;U06 MIN;2.85;-30.55;-5.67;-1.83;0;0.371;8.976
PISO 2;C164;U07;0;-15.59;-2.3;-0.39;0;-0.417;-2.32
PISO 2;C164;U07;1.425;-15.23;-2.3;-0.39;0;0.143;0.962
PISO 2;C164;U07;2.85;-14.86;-2.3;-0.39;0;0.699;4.229
PISO 2;C164;U08 MAX;0;-14.97;-0.98;0.04;0;0.298;0.061
PISO 2;C164;U08 MAX;1.425;-14.6;-0.98;0.04;0;0.267;1.459
PISO 2;C164;U08 MAX;2.85;-14.23;-0.98;0.04;0;1.225;5.644
PISO 2;C164;U08 MIN;0;-16.22;-3.61;-0.82;0;-1.133;-4.7
PISO 2;C164;U08 MIN;1.425;-15.85;-3.61;-0.82;0;0.019;0.465
PISO 2;C164;U08 MIN;2.85;-15.48;-3.61;-0.82;0;0.174;2.813
PISO 2;C164;U09 MAX;0;-15.15;-1.79;0.59;0;1.252;-1.414
PISO 2;C164;U09 MAX;1.425;-14.78;-1.79;0.59;0;0.407;1.171
PISO 2;C164;U09 MAX;2.85;-14.41;-1.79;0.59;0;1.865;4.793
PISO 2;C164;U09 MIN;0;-16.04;-2.8;-1.37;0;-2.087;-3.226
PISO 2;C164;U09 MIN;1.425;-15.67;-2.8;-1.37;0;-0.121;0.754
PISO 2;C164;U09 MIN;2.85;-15.3;-2.8;-1.37;0;-0.466;3.665
PISO 2;C165;U01;0;-29.83;-1.22;0.92;0;0.999;-1.213
PISO 2;C165;U01;1.425;-29.4;-1.22;0.92;0;-0.333;0.548
PISO 2;C165;U01;2.85;-28.96;-1.22;0.92;0;-1.649;2.281
PISO 2;C165;U02;0;-52.53;-2;1.68;0;1.86;-1.948
PISO 2;C165;U02;1.425;-52.16;-2;1.68;0;-0.566;0.935
PISO 2;C165;U02;2.85;-51.79;-2;1.68;0;-2.964;3.77
PISO 2;C165;U03;0;-30.65;-1.23;0.96;0;1.037;-1.214
PISO 2;C165;U03;1.425;-30.28;-1.23;0.96;0;-0.339;0.558
PISO 2;C165;U03;2.85;-29.91;-1.23;0.96;0;-1.699;2.302
PISO 2;C165;U04;0;-43;-1.67;1.37;0;1.502;-1.627
PISO 2;C165;U04;1.425;-42.63;-1.67;1.37;0;-0.469;0.771
PISO 2;C165;U04;2.85;-42.26;-1.67;1.37;0;-2.416;3.13
PISO 2;C165;U05 MAX;0;-40.94;-0.87;1.63;0;1.948;-0.365
PISO 2;C165;U05 MAX;1.425;-40.57;-0.87;1.63;0;-0.393;0.882
PISO 2;C165;U05 MAX;2.85;-40.2;-0.87;1.63;0;-1.918;3.96
PISO 2;C165;U05 MIN;0;-41.88;-2.34;1;0;0.942;-2.78
PISO 2;C165;U05 MIN;1.425;-41.51;-2.34;1;0;-0.511;0.605
PISO 2;C165;U05 MIN;2.85;-41.14;-2.34;1;0;-2.735;2.083
PISO 2;C165;U06 MAX;0;-40.94;-1.36;2.14;0;2.797;-1.161
PISO 2;C165;U06 MAX;1.425;-40.57;-1.36;2.14;0;-0.295;0.79
PISO 2;C165;U06 MAX;2.85;-40.2;-1.36;2.14;0;-1.275;3.343
PISO 2;C165;U06 MIN;0;-41.88;-1.86;0.49;0;0.093;-1.984
PISO 2;C165;U06 MIN;1.425;-41.51;-1.86;0.49;0;-0.609;0.696
PISO 2;C165;U06 MIN;2.85;-41.14;-1.86;0.49;0;-3.379;2.7
PISO 2;C165;U07;0;-19.19;-0.79;0.6;0;0.646;-0.78
PISO 2;C165;U07;1.425;-18.92;-0.79;0.6;0;-0.212;0.352
PISO 2;C165;U07;2.85;-18.64;-0.79;0.6;0;-1.06;1.466
PISO 2;C165;U08 MAX;0;-18.72;-0.05;0.91;0;1.149;0.427
PISO 2;C165;U08 MAX;1.425;-18.44;-0.05;0.91;0;-0.153;0.49
PISO 2;C165;U08 MAX;2.85;-18.17;-0.05;0.91;0;-0.651;2.405
PISO 2;C165;U08 MIN;0;-19.67;-1.52;0.28;0;0.143;-1.988
PISO 2;C165;U08 MIN;1.425;-19.39;-1.52;0.28;0;-0.271;0.213
PISO 2;C165;U08 MIN;2.85;-19.11;-1.52;0.28;0;-1.468;0.528
PISO 2;C165;U09 MAX;0;-18.72;-0.54;1.42;0;1.998;-0.369
PISO 2;C165;U09 MAX;1.425;-18.45;-0.54;1.42;0;-0.055;0.399
PISO 2;C165;U09 MAX;2.85;-18.17;-0.54;1.42;0;-0.008;1.788
PISO 2;C165;U09 MIN;0;-19.66;-1.04;-0.23;0;-0.706;-1.191
PISO 2;C165;U09 MIN;1.425;-19.38;-1.04;-0.23;0;-0.369;0.305
PISO 2;C165;U09 MIN;2.85;-19.11;-1.04;-0.23;0;-2.112;1.144
PISO 2;C166;U01;0;-19.98;-0.82;-4.16;0;-4.584;-0.598
PISO 2;C166;U01;1.425;-19.21;-0.82;-4.16;0;1.358;0.573
PISO 2;C166;U01;2.85;-18.44;-0.82;-4.16;0;7.286;1.739
PISO 2;C166;U02;0;-31.54;-1.7;-8.21;0;-8.903;-1.229
PISO 2;C166;U02;1.425;-30.88;-1.7;-8.21;0;2.818;1.203
PISO 2;C166;U02;2.85;-30.22;-1.7;-8.21;0;14.511;3.622
PISO 2;C166;U03;0;-19.84;-0.9;-4.45;0;-4.882;-0.653
PISO 2;C166;U03;1.425;-19.18;-0.9;-4.45;0;1.471;0.624
PISO 2;C166;U03;2.85;-18.52;-0.9;-4.45;0;7.809;1.895
PISO 2;C166;U04;0;-26.45;-1.36;-6.58;0;-7.162;-0.985
PISO 2;C166;U04;1.425;-25.79;-1.36;-6.58;0;2.23;0.95
PISO 2;C166;U04;2.85;-25.14;-1.36;-6.58;0;11.6;2.876
PISO 2;C166;U05 MAX;0;-25.25;0.78;-5.72;0;-5.74;2.695
PISO 2;C166;U05 MAX;1.425;-24.6;0.78;-5.72;0;2.431;1.566
PISO 2;C166;U05 MAX;2.85;-23.94;0.78;-5.72;0;11.648;5.076
PISO 2;C166;U05 MIN;0;-25.95;-3.38;-6.88;0;-7.988;-4.577
PISO 2;C166;U05 MIN;1.425;-25.3;-3.38;-6.88;0;1.837;0.251
PISO 2;C166;U05 MIN;2.85;-24.64;-3.38;-6.88;0;10.576;0.422
PISO 2;C166;U06 MAX;0;-25.03;-0.33;-4.71;0;-3.763;0.745
PISO 2;C166;U06 MAX;1.425;-24.37;-0.33;-4.71;0;2.962;1.216
PISO 2;C166;U06 MAX;2.85;-23.72;-0.33;-4.71;0;12.567;3.824
PISO 2;C166;U06 MIN;0;-26.18;-2.26;-7.89;0;-9.965;-2.628
PISO 2;C166;U06 MIN;1.425;-25.52;-2.26;-7.89;0;1.307;0.601
PISO 2;C166;U06 MIN;2.85;-24.86;-2.26;-7.89;0;9.656;1.674
PISO 2;C166;U07;0;-12.84;-0.52;-2.66;0;-2.927;-0.371
PISO 2;C166;U07;1.425;-12.35;-0.52;-2.66;0;0.878;0.371
PISO 2;C166;U07;2.85;-11.85;-0.52;-2.66;0;4.675;1.11
PISO 2;C166;U08 MAX;0;-12.49;1.56;-2.09;0;-1.803;3.265
PISO 2;C166;U08 MAX;1.425;-12;1.56;-2.09;0;1.175;1.029
PISO 2;C166;U08 MAX;2.85;-11.5;1.56;-2.09;0;5.211;3.436
PISO 2;C166;U08 MIN;0;-13.19;-2.6;-3.24;0;-4.051;-4.007
PISO 2;C166;U08 MIN;1.425;-12.7;-2.6;-3.24;0;0.581;-0.287
PISO 2;C166;U08 MIN;2.85;-12.2;-2.6;-3.24;0;4.139;-1.217
PISO 2;C166;U09 MAX;0;-12.27;0.44;-1.08;0;0.174;1.316
PISO 2;C166;U09 MAX;1.425;-11.77;0.44;-1.08;0;1.706;0.678
PISO 2;C166;U09 MAX;2.85;-11.28;0.44;-1.08;0;6.13;2.184
PISO 2;C166;U09 MIN;0;-13.41;-1.48;-4.25;0;-6.028;-2.057
PISO 2;C166;U09 MIN;1.425;-12.92;-1.48;-4.25;0;0.051;0.064
PISO 2;C166;U09 MIN;2.85;-12.42;-1.48;-4.25;0;3.22;0.035
PISO 2;C167;U01;0;-33.62;-0.37;0.04;0;0.021;-0.293
PISO 2;C167;U01;1.425;-33.19;-0.37;0.04;0;-0.034;0.239
PISO 2;C167;U01;2.85;-32.76;-0.37;0.04;0;-0.087;0.756
PISO 2;C167;U02;0;-62.43;-0.68;0.35;0;0.388;-0.518
PISO 2;C167;U02;1.425;-62.06;-0.68;0.35;0;-0.116;0.457
PISO 2;C167;U02;2.85;-61.69;-0.68;0.35;0;-0.613;1.405
PISO 2;C167;U03;0;-35.14;-0.39;0.09;0;0.08;-0.303
PISO 2;C167;U03;1.425;-34.77;-0.39;0.09;0;-0.046;0.252
PISO 2;C167;U03;2.85;-34.4;-0.39;0.09;0;-0.17;0.792
PISO 2;C167;U04;0;-50.57;-0.55;0.23;0;0.25;-0.425
PISO 2;C167;U04;1.425;-50.2;-0.55;0.23;0;-0.086;0.368
PISO 2;C167;U04;2.85;-49.83;-0.55;0.23;0;-0.417;1.139
PISO 2;C167;U05 MAX;0;-48.4;0.3;0.53;0;0.741;0.92
PISO 2;C167;U05 MAX;1.425;-48.03;0.3;0.53;0;-0.029;0.469
PISO 2;C167;U05 MAX;2.85;-47.66;0.3;0.53;0;0.036;2.198
PISO 2;C167;U05 MIN;0;-48.78;-1.36;-0.1;0;-0.279;-1.738
PISO 2;C167;U05 MIN;1.425;-48.41;-1.36;-0.1;0;-0.132;0.237
PISO 2;C167;U05 MIN;2.85;-48.04;-1.36;-0.1;0;-0.81;-0.01
PISO 2;C167;U06 MAX;0;-48.23;-0.21;1.1;0;1.659;0.11
PISO 2;C167;U06 MAX;1.425;-47.86;-0.21;1.1;0;0.052;0.398
PISO 2;C167;U06 MAX;2.85;-47.49;-0.21;1.1;0;0.789;1.525
PISO 2;C167;U06 MIN;0;-48.95;-0.86;-0.67;0;-1.197;-0.928
PISO 2;C167;U06 MIN;1.425;-48.58;-0.86;-0.67;0;-0.212;0.307
PISO 2;C167;U06 MIN;2.85;-48.21;-0.86;-0.67;0;-1.563;0.663
PISO 2;C167;U07;0;-21.61;-0.24;0.03;0;0.023;-0.186
PISO 2;C167;U07;1.425;-21.33;-0.24;0.03;0;-0.021;0.154
PISO 2;C167;U07;2.85;-21.06;-0.24;0.03;0;-0.064;0.484
PISO 2;C167;U08 MAX;0;-21.42;0.59;0.35;0;0.534;1.143
PISO 2;C167;U08 MAX;1.425;-21.14;0.59;0.35;0;0.03;0.27
PISO 2;C167;U08 MAX;2.85;-20.86;0.59;0.35;0;0.358;1.588
PISO 2;C167;U08 MIN;0;-21.8;-1.07;-0.29;0;-0.487;-1.515
PISO 2;C167;U08 MIN;1.425;-21.53;-1.07;-0.29;0;-0.073;0.038
PISO 2;C167;U08 MIN;2.85;-21.25;-1.07;-0.29;0;-0.487;-0.62
PISO 2;C167;U09 MAX;0;-21.25;0.09;0.92;0;1.451;0.333
PISO 2;C167;U09 MAX;1.425;-20.97;0.09;0.92;0;0.111;0.199
PISO 2;C167;U09 MAX;2.85;-20.69;0.09;0.92;0;1.112;0.915
PISO 2;C167;U09 MIN;0;-21.98;-0.56;-0.86;0;-1.405;-0.705
PISO 2;C167;U09 MIN;1.425;-21.7;-0.56;-0.86;0;-0.153;0.108
PISO 2;C167;U09 MIN;2.85;-21.42;-0.56;-0.86;0;-1.24;0.054
PISO 2;C169;U01;0;-14.95;-2.32;-0.12;0;-0.114;-2.169
PISO 2;C169;U01;1.425;-14.37;-2.32;-0.12;0;0.054;1.148
PISO 2;C169;U01;2.85;-13.8;-2.32;-0.12;0;0.221;4.454
PISO 2;C169;U02;0;-24.25;-4.88;-0.09;0;-0.033;-4.638
PISO 2;C169;U02;1.425;-23.76;-4.88;-0.09;0;0.097;2.334
PISO 2;C169;U02;2.85;-23.26;-4.88;-0.09;0;0.225;9.282
PISO 2;C169;U03;0;-14.96;-2.53;-0.1;0;-0.095;-2.38
PISO 2;C169;U03;1.425;-14.47;-2.53;-0.1;0;0.055;1.237
PISO 2;C169;U03;2.85;-13.98;-2.53;-0.1;0;0.204;4.842
PISO 2;C169;U04;0;-20.21;-3.86;-0.1;0;-0.06;-3.654
PISO 2;C169;U04;1.425;-19.72;-3.86;-0.1;0;0.079;1.858
PISO 2;C169;U04;2.85;-19.23;-3.86;-0.1;0;0.216;7.352
PISO 2;C169;U05 MAX;0;-18.73;-2.4;0.44;0;0.78;-1.081
PISO 2;C169;U05 MAX;1.425;-18.23;-2.4;0.44;0;0.148;2.34
PISO 2;C169;U05 MAX;2.85;-17.74;-2.4;0.44;0;0.913;8.329
PISO 2;C169;U05 MIN;0;-20.36;-4.98;-0.63;0;-0.902;-5.9
PISO 2;C169;U05 MIN;1.425;-19.86;-4.98;-0.63;0;0.004;1.218
PISO 2;C169;U05 MIN;2.85;-19.37;-4.98;-0.63;0;-0.489;5.735
PISO 2;C169;U06 MAX;0;-18.71;-3.21;1.15;0;1.894;-2.6
PISO 2;C169;U06 MAX;1.425;-18.21;-3.21;1.15;0;0.248;1.99
PISO 2;C169;U06 MAX;2.85;-17.72;-3.21;1.15;0;1.827;7.515
PISO 2;C169;U06 MIN;0;-20.38;-4.17;-1.34;0;-2.017;-4.382
PISO 2;C169;U06 MIN;1.425;-19.88;-4.17;-1.34;0;-0.096;1.568
PISO 2;C169;U06 MIN;2.85;-19.39;-4.17;-1.34;0;-1.404;6.549
PISO 2;C169;U07;0;-9.61;-1.5;-0.07;0;-0.068;-1.399
PISO 2;C169;U07;1.425;-9.24;-1.5;-0.07;0;0.035;0.736
PISO 2;C169;U07;2.85;-8.87;-1.5;-0.07;0;0.138;2.864
PISO 2;C169;U08 MAX;0;-8.79;-0.2;0.46;0;0.773;1.01
PISO 2;C169;U08 MAX;1.425;-8.42;-0.2;0.46;0;0.107;1.297
PISO 2;C169;U08 MAX;2.85;-8.05;-0.2;0.46;0;0.838;4.161
PISO 2;C169;U08 MIN;0;-10.42;-2.79;-0.61;0;-0.909;-3.809
PISO 2;C169;U08 MIN;1.425;-10.05;-2.79;-0.61;0;-0.037;0.175
PISO 2;C169;U08 MIN;2.85;-9.68;-2.79;-0.61;0;-0.563;1.567
PISO 2;C169;U09 MAX;0;-8.77;-1.02;1.17;0;1.887;-0.508
PISO 2;C169;U09 MAX;1.425;-8.4;-1.02;1.17;0;0.207;0.947
PISO 2;C169;U09 MAX;2.85;-8.03;-1.02;1.17;0;1.753;3.347
PISO 2;C169;U09 MIN;0;-10.44;-1.97;-1.32;0;-2.023;-2.29
PISO 2;C169;U09 MIN;1.425;-10.07;-1.97;-1.32;0;-0.137;0.525
PISO 2;C169;U09 MIN;2.85;-9.7;-1.97;-1.32;0;-1.478;2.381
PISO 2;C170;U01;0;-28.39;-1.38;0.11;0;0.086;-1.378
PISO 2;C170;U01;1.425;-27.95;-1.38;0.11;0;-0.076;0.605
PISO 2;C170;U01;2.85;-27.52;-1.38;0.11;0;-0.236;2.564
PISO 2;C170;U02;0;-39.25;-2.46;0.34;0;0.266;-2.459
PISO 2;C170;U02;1.425;-38.88;-2.46;0.34;0;-0.223;1.073
PISO 2;C170;U02;2.85;-38.51;-2.46;0.34;0;-0.704;4.563
PISO 2;C170;U03;0;-27.66;-1.42;0.15;0;0.119;-1.41
PISO 2;C170;U03;1.425;-27.29;-1.42;0.15;0;-0.091;0.628
PISO 2;C170;U03;2.85;-26.92;-1.42;0.15;0;-0.298;2.642
PISO 2;C170;U04;0;-34.05;-1.98;0.28;0;0.25;-1.961
PISO 2;C170;U04;1.425;-33.68;-1.98;0.28;0;-0.155;0.887
PISO 2;C170;U04;2.85;-33.31;-1.98;0.28;0;-0.554;3.701
PISO 2;C170;U05 MAX;0;-32.32;-1.18;0.47;0;0.543;-0.669
PISO 2;C170;U05 MAX;1.425;-31.95;-1.18;0.47;0;-0.136;1.014
PISO 2;C170;U05 MAX;2.85;-31.58;-1.18;0.47;0;-0.236;4.477
PISO 2;C170;U05 MIN;0;-33.71;-2.64;0.06;0;-0.071;-3.11
PISO 2;C170;U05 MIN;1.425;-33.34;-2.64;0.06;0;-0.158;0.692
PISO 2;C170;U05 MIN;2.85;-32.97;-2.64;0.06;0;-0.812;2.647
PISO 2;C170;U06 MAX;0;-32.66;-1.64;0.84;0;1.101;-1.437
PISO 2;C170;U06 MAX;1.425;-32.29;-1.64;0.84;0;-0.116;0.923
PISO 2;C170;U06 MAX;2.85;-31.92;-1.64;0.84;0;0.282;3.912
PISO 2;C170;U06 MIN;0;-33.37;-2.18;-0.31;0;-0.629;-2.342
PISO 2;C170;U06 MIN;1.425;-33;-2.18;-0.31;0;-0.178;0.783
PISO 2;C170;U06 MIN;2.85;-32.63;-2.18;-0.31;0;-1.33;3.212
PISO 2;C170;U07;0;-18.24;-0.93;0.03;0;-0.025;-0.958
PISO 2;C170;U07;1.425;-17.96;-0.93;0.03;0;-0.068;0.374
PISO 2;C170;U07;2.85;-17.68;-0.93;0.03;0;-0.109;1.692
PISO 2;C170;U08 MAX;0;-17.54;-0.19;0.23;0;0.282;0.262
PISO 2;C170;U08 MAX;1.425;-17.26;-0.19;0.23;0;-0.058;0.535
PISO 2;C170;U08 MAX;2.85;-16.98;-0.19;0.23;0;0.179;2.607
PISO 2;C170;U08 MIN;0;-18.93;-1.66;-0.17;0;-0.332;-2.179
PISO 2;C170;U08 MIN;1.425;-18.66;-1.66;-0.17;0;-0.079;0.213
PISO 2;C170;U08 MIN;2.85;-18.38;-1.66;-0.17;0;-0.397;0.777
PISO 2;C170;U09 MAX;0;-17.88;-0.65;0.6;0;0.84;-0.506
PISO 2;C170;U09 MAX;1.425;-17.6;-0.65;0.6;0;-0.038;0.444
PISO 2;C170;U09 MAX;2.85;-17.33;-0.65;0.6;0;0.697;2.042
PISO 2;C170;U09 MIN;0;-18.59;-1.2;-0.54;0;-0.89;-1.411
PISO 2;C170;U09 MIN;1.425;-18.31;-1.2;-0.54;0;-0.099;0.304
PISO 2;C170;U09 MIN;2.85;-18.03;-1.2;-0.54;0;-0.915;1.342
PISO 1;C170;U01;0;-6.79;-0.02;-0.03;0;-0.029;0.006
PISO 1;C170;U01;0.95;-6.5;-0.02;-0.03;0;0.004;0.024
PISO 1;C170;U01;0.95;-7.38;-0.02;-0.02;0;0.003;0.006
PISO 1;C170;U01;1.225;-7.3;-0.02;-0.02;0;0.008;0.013
PISO 1;C170;U01;1.9;-7.09;-0.02;-0.02;0;0.019;0.029
PISO 1;C170;U01;1.9;-9.72;0.3;-0.07;0;0.016;0.07
PISO 1;C170;U01;2.45;-9.55;0.3;-0.07;0;0.054;-0.097
PISO 1;C170;U02;0;-9.7;0.11;-0.05;0;-0.019;0.086
PISO 1;C170;U02;0.95;-9.46;0.11;-0.05;0;0.028;-0.014
PISO 1;C170;U02;0.95;-10.43;0.1;-0.04;0;0.03;0.083
PISO 1;C170;U02;1.225;-10.36;0.1;-0.04;0;0.04;0.055
PISO 1;C170;U02;1.9;-10.18;0.1;-0.04;0;0.066;-0.014
PISO 1;C170;U02;1.9;-13.38;0.78;-0.21;0;0.057;0.215
PISO 1;C170;U02;2.45;-13.23;0.78;-0.21;0;0.17;-0.211
PISO 1;C170;U03;0;-6.39;-0.01;-0.05;0;-0.037;0.007
PISO 1;C170;U03;0.95;-6.14;-0.01;-0.05;0;0.005;0.021
PISO 1;C170;U03;0.95;-7.04;-0.02;-0.02;0;0.005;0.007
PISO 1;C170;U03;1.225;-6.97;-0.02;-0.02;0;0.011;0.012
PISO 1;C170;U03;1.9;-6.79;-0.02;-0.02;0;0.026;0.024
PISO 1;C170;U03;1.9;-9.43;0.31;-0.1;0;0.022;0.07
PISO 1;C170;U03;2.45;-9.29;0.31;-0.1;0;0.075;-0.098
PISO 1;C170;U04;0;-7.87;-0.03;-0.09;0;-0.077;0.007
PISO 1;C170;U04;0.95;-7.63;-0.03;-0.09;0;0.011;0.03
PISO 1;C170;U04;0.95;-8.64;-0.03;-0.05;0;0.01;0.008
PISO 1;C170;U04;1.225;-8.57;-0.03;-0.05;0;0.023;0.016
PISO 1;C170;U04;1.9;-8.39;-0.03;-0.05;0;0.053;0.036
PISO 1;C170;U04;1.9;-11.48;0.44;-0.2;0;0.045;0.103
PISO 1;C170;U04;2.45;-11.34;0.44;-0.2;0;0.156;-0.14
PISO 1;C170;U05 MAX;0;-7.46;0;0.02;0;0.014;0.022
PISO 1;C170;U05 MAX;0.95;-7.21;0;0.02;0;0.028;0.041
PISO 1;C170;U05 MAX;0.95;-8.2;0;0.01;0;0.027;0.024
PISO 1;C170;U05 MAX;1.225;-8.13;0;0.01;0;0.052;0.024
PISO 1;C170;U05 MAX;1.9;-7.95;0;0.01;0;0.117;0.05
PISO 1;C170;U05 MAX;1.9;-10.89;0.72;0.06;0;0.099;0.171
PISO 1;C170;U05 MAX;2.45;-10.75;0.72;0.06;0;0.34;-0.046
PISO 1;C170;U05 MIN;0;-7.93;-0.05;-0.19;0;-0.161;-0.009
PISO 1;C170;U05 MIN;0.95;-7.68;-0.05;-0.19;0;-0.007;0.02
PISO 1;C170;U05 MIN;0.95;-8.64;-0.06;-0.1;0;-0.008;-0.009
PISO 1;C170;U05 MIN;1.225;-8.57;-0.06;-0.1;0;-0.01;0.008
PISO 1;C170;U05 MIN;1.9;-8.39;-0.06;-0.1;0;-0.016;0.023
PISO 1;C170;U05 MIN;1.9;-11.38;0.13;-0.44;0;-0.014;0.028
PISO 1;C170;U05 MIN;2.45;-11.24;0.13;-0.44;0;-0.045;-0.225
PISO 1;C170;U06 MAX;0;-7.44;0.01;0.21;0;0.163;0.03
PISO 1;C170;U06 MAX;0.95;-7.19;0.01;0.21;0;0.055;0.045
PISO 1;C170;U06 MAX;0.95;-8.2;0.01;0.11;0;0.053;0.03
PISO 1;C170;U06 MAX;1.225;-8.13;0.01;0.11;0;0.106;0.027
PISO 1;C170;U06 MAX;1.9;-7.95;0.01;0.11;0;0.237;0.054
PISO 1;C170;U06 MAX;1.9;-10.97;0.58;0.51;0;0.201;0.145
PISO 1;C170;U06 MAX;2.45;-10.83;0.58;0.51;0;0.689;-0.095
PISO 1;C170;U06 MIN;0;-7.95;-0.07;-0.38;0;-0.309;-0.017
PISO 1;C170;U06 MIN;0.95;-7.71;-0.07;-0.38;0;-0.034;0.015
PISO 1;C170;U06 MIN;0.95;-8.63;-0.07;-0.19;0;-0.033;-0.015
PISO 1;C170;U06 MIN;1.225;-8.56;-0.07;-0.19;0;-0.063;0.005
PISO 1;C170;U06 MIN;1.9;-8.39;-0.07;-0.19;0;-0.136;0.019
PISO 1;C170;U06 MIN;1.9;-11.3;0.27;-0.89;0;-0.116;0.054
PISO 1;C170;U06 MIN;2.45;-11.16;0.27;-0.89;0;-0.394;-0.175
PISO 1;C170;U07;0;-5.07;0.12;0.06;0;0.068;0.083
PISO 1;C170;U07;0.95;-4.88;0.12;0.06;0;0.015;-0.036
PISO 1;C170;U07;0.95;-5.28;0.12;0.01;0;0.017;0.077
PISO 1;C170;U07;1.225;-5.23;0.12;0.01;0;0.014;0.044
PISO 1;C170;U07;1.9;-5.1;0.12;0.01;0;0.004;-0.039
PISO 1;C170;U07;1.9;-6.46;0.43;0.03;0;0.005;0.133
PISO 1;C170;U07;2.45;-6.35;0.43;0.03;0;-0.012;-0.102
PISO 1;C170;U08 MAX;0;-4.84;0.15;0.16;0;0.155;0.098
PISO 1;C170;U08 MAX;0.95;-4.65;0.15;0.16;0;0.033;-0.025
PISO 1;C170;U08 MAX;0.95;-5.06;0.15;0.07;0;0.035;0.093
PISO 1;C170;U08 MAX;1.225;-5.01;0.15;0.07;0;0.045;0.051
PISO 1;C170;U08 MAX;1.9;-4.88;0.15;0.07;0;0.071;-0.025
PISO 1;C170;U08 MAX;1.9;-6.21;0.72;0.28;0;0.061;0.205
PISO 1;C170;U08 MAX;2.45;-6.11;0.72;0.28;0;0.181;-0.012
PISO 1;C170;U08 MIN;0;-5.3;0.1;-0.05;0;-0.019;0.068
PISO 1;C170;U08 MIN;0.95;-5.12;0.1;-0.05;0;-0.002;-0.046
PISO 1;C170;U08 MIN;0.95;-5.5;0.09;-0.04;0;0;0.061
PISO 1;C170;U08 MIN;1.225;-5.45;0.09;-0.04;0;-0.017;0.036
PISO 1;C170;U08 MIN;1.9;-5.32;0.09;-0.04;0;-0.062;-0.053
PISO 1;C170;U08 MIN;1.9;-6.7;0.13;-0.22;0;-0.052;0.062
PISO 1;C170;U08 MIN;2.45;-6.6;0.13;-0.22;0;-0.204;-0.191
PISO 1;C170;U09 MAX;0;-4.81;0.16;0.35;0;0.304;0.106
PISO 1;C170;U09 MAX;0.95;-4.63;0.16;0.35;0;0.06;-0.021
PISO 1;C170;U09 MAX;0.95;-5.07;0.16;0.17;0;0.061;0.1
PISO 1;C170;U09 MAX;1.225;-5.01;0.16;0.17;0;0.098;0.055
PISO 1;C170;U09 MAX;1.9;-4.88;0.16;0.17;0;0.191;-0.021
PISO 1;C170;U09 MAX;1.9;-6.29;0.58;0.73;0;0.163;0.179
PISO 1;C170;U09 MAX;2.45;-6.19;0.58;0.73;0;0.53;-0.062
PISO 1;C170;U09 MIN;0;-5.33;0.08;-0.24;0;-0.168;0.059
PISO 1;C170;U09 MIN;0.95;-5.14;0.08;-0.24;0;-0.029;-0.05
PISO 1;C170;U09 MIN;0.95;-5.5;0.08;-0.14;0;-0.026;0.054
PISO 1;C170;U09 MIN;1.225;-5.44;0.08;-0.14;0;-0.071;0.032
PISO 1;C170;U09 MIN;1.9;-5.31;0.08;-0.14;0;-0.182;-0.057
PISO 1;C170;U09 MIN;1.9;-6.62;0.27;-0.67;0;-0.154;0.088
PISO 1;C170;U09 MIN;2.45;-6.52;0.27;-0.67;0;-0.553;-0.142
PISO 2;C171;U01;0;-24.34;2.12;-0.76;0;-0.848;2.665
PISO 2;C171;U01;1.425;-23.76;2.12;-0.76;0;0.245;-0.377
PISO 2;C171;U01;2.85;-23.19;2.12;-0.76;0;1.331;-3.412
PISO 2;C171;U02;0;-41.59;4.72;-1.05;0;-1.129;5.798
PISO 2;C171;U02;1.425;-41.09;4.72;-1.05;0;0.383;-0.959
PISO 2;C171;U02;2.85;-40.6;4.72;-1.05;0;1.884;-7.699
PISO 2;C171;U03;0;-24.92;2.35;-0.75;0;-0.826;2.929
PISO 2;C171;U03;1.425;-24.43;2.35;-0.75;0;0.246;-0.438
PISO 2;C171;U03;2.85;-23.93;2.35;-0.75;0;1.312;-3.797
PISO 2;C171;U04;0;-34.28;3.7;-0.92;0;-0.995;4.564
PISO 2;C171;U04;1.425;-33.79;3.7;-0.92;0;0.322;-0.734
PISO 2;C171;U04;2.85;-33.29;3.7;-0.92;0;1.63;-6.02
PISO 2;C171;U05 MAX;0;-32.89;5.28;-0.5;0;-0.345;7.275
PISO 2;C171;U05 MAX;1.425;-32.4;5.28;-0.5;0;0.372;-0.296
PISO 2;C171;U05 MAX;2.85;-31.91;5.28;-0.5;0;2.075;-3.629
PISO 2;C171;U05 MIN;0;-33.13;1.78;-1.28;0;-1.583;1.449
PISO 2;C171;U05 MIN;1.425;-32.64;1.78;-1.28;0;0.249;-1.1
PISO 2;C171;U05 MIN;2.85;-32.14;1.78;-1.28;0;1.078;-7.865
PISO 2;C171;U06 MAX;0;-32.82;4.19;0.24;0;0.839;5.454
PISO 2;C171;U06 MAX;1.425;-32.32;4.19;0.24;0;0.489;-0.55
PISO 2;C171;U06 MAX;2.85;-31.83;4.19;0.24;0;3.03;-4.943
PISO 2;C171;U06 MIN;0;-33.21;2.88;-2.02;0;-2.768;3.271
PISO 2;C171;U06 MIN;1.425;-32.71;2.88;-2.02;0;0.133;-0.847
PISO 2;C171;U06 MIN;2.85;-32.22;2.88;-2.02;0;0.124;-6.551
PISO 2;C171;U07;0;-15.66;1.36;-0.48;0;-0.535;1.701
PISO 2;C171;U07;1.425;-15.29;1.36;-0.48;0;0.159;-0.242
PISO 2;C171;U07;2.85;-14.92;1.36;-0.48;0;0.848;-2.18
PISO 2;C171;U08 MAX;0;-15.54;3.11;-0.1;0;0.084;4.614
PISO 2;C171;U08 MAX;1.425;-15.17;3.11;-0.1;0;0.22;0.16
PISO 2;C171;U08 MAX;2.85;-14.8;3.11;-0.1;0;1.346;-0.062
PISO 2;C171;U08 MIN;0;-15.78;-0.39;-0.87;0;-1.155;-1.213
PISO 2;C171;U08 MIN;1.425;-15.41;-0.39;-0.87;0;0.097;-0.644
PISO 2;C171;U08 MIN;2.85;-15.04;-0.39;-0.87;0;0.35;-4.298
PISO 2;C171;U09 MAX;0;-15.47;2.02;0.64;0;1.268;2.792
PISO 2;C171;U09 MAX;1.425;-15.1;2.02;0.64;0;0.337;-0.093
PISO 2;C171;U09 MAX;2.85;-14.73;2.02;0.64;0;2.301;-1.376
PISO 2;C171;U09 MIN;0;-15.86;0.7;-1.61;0;-2.339;0.609
PISO 2;C171;U09 MIN;1.425;-15.49;0.7;-1.61;0;-0.019;-0.39
PISO 2;C171;U09 MIN;2.85;-15.12;0.7;-1.61;0;-0.605;-2.984
PISO 2;C173;U01;0;-7.92;1.93;0.03;0;-0.003;2.24
PISO 2;C173;U01;1.425;-7.49;1.93;0.03;0;-0.048;-0.517
PISO 2;C173;U01;2.85;-7.06;1.93;0.03;0;-0.092;-3.267
PISO 2;C173;U02;0;-11.46;3.36;0.08;0;0.061;3.924
PISO 2;C173;U02;1.425;-11.09;3.36;0.08;0;-0.047;-0.873
PISO 2;C173;U02;2.85;-10.72;3.36;0.08;0;-0.154;-5.66
PISO 2;C173;U03;0;-7.66;1.97;0.03;0;0.002;2.296
PISO 2;C173;U03;1.425;-7.29;1.97;0.03;0;-0.043;-0.524
PISO 2;C173;U03;2.85;-6.93;1.97;0.03;0;-0.088;-3.337
PISO 2;C173;U04;0;-9.81;2.76;0.05;0;0.031;3.217
PISO 2;C173;U04;1.425;-9.44;2.76;0.05;0;-0.046;-0.721
PISO 2;C173;U04;2.85;-9.07;2.76;0.05;0;-0.122;-4.651
PISO 2;C173;U05 MAX;0;-9.07;3.23;0.44;0;0.651;4.114
PISO 2;C173;U05 MAX;1.425;-8.7;3.23;0.44;0;0.028;-0.509
PISO 2;C173;U05 MAX;2.85;-8.33;3.23;0.44;0;0.356;-3.839
PISO 2;C173;U05 MIN;0;-10;2.08;-0.33;0;-0.592;2.086
PISO 2;C173;U05 MIN;1.425;-9.63;2.08;-0.33;0;-0.119;-0.882
PISO 2;C173;U05 MIN;2.85;-9.26;2.08;-0.33;0;-0.595;-5.128
PISO 2;C173;U06 MAX;0;-8.74;2.85;0.95;0;1.49;3.442
PISO 2;C173;U06 MAX;1.425;-8.37;2.85;0.95;0;0.127;-0.63
PISO 2;C173;U06 MAX;2.85;-8;2.85;0.95;0;0.998;-4.268
PISO 2;C173;U06 MIN;0;-10.34;2.46;-0.85;0;-1.432;2.757
PISO 2;C173;U06 MIN;1.425;-9.97;2.46;-0.85;0;-0.218;-0.761
PISO 2;C173;U06 MIN;2.85;-9.6;2.46;-0.85;0;-1.237;-4.699
PISO 2;C173;U07;0;-5.1;1.24;0.03;0;0.009;1.439
PISO 2;C173;U07;1.425;-4.82;1.24;0.03;0;-0.03;-0.332
PISO 2;C173;U07;2.85;-4.54;1.24;0.03;0;-0.068;-2.099
PISO 2;C173;U08 MAX;0;-4.63;1.82;0.41;0;0.631;2.453
PISO 2;C173;U08 MAX;1.425;-4.35;1.82;0.41;0;0.044;-0.145
PISO 2;C173;U08 MAX;2.85;-4.08;1.82;0.41;0;0.408;-1.455
PISO 2;C173;U08 MIN;0;-5.57;0.66;-0.36;0;-0.613;0.425
PISO 2;C173;U08 MIN;1.425;-5.29;0.66;-0.36;0;-0.103;-0.518
PISO 2;C173;U08 MIN;2.85;-5.01;0.66;-0.36;0;-0.543;-2.744
PISO 2;C173;U09 MAX;0;-4.3;1.43;0.93;0;1.47;1.781
PISO 2;C173;U09 MAX;1.425;-4.02;1.43;0.93;0;0.143;-0.266
PISO 2;C173;U09 MAX;2.85;-3.74;1.43;0.93;0;1.05;-1.883
PISO 2;C173;U09 MIN;0;-5.9;1.05;-0.87;0;-1.452;1.097
PISO 2;C173;U09 MIN;1.425;-5.62;1.05;-0.87;0;-0.202;-0.397
PISO 2;C173;U09 MIN;2.85;-5.34;1.05;-0.87;0;-1.186;-2.315
